Ano de nascimento;Tipo sanguíneo;Altura;Peso;Nome;Aparicoes;Link;de nascimento
1974 (24 anos em 1998);AB;Desconhecida.;Desconhecido.;Ada Wong;['Biohazard / Resident Evil 2 (1998)', 'Biohazard / Resident Evil 4 (2005)', 'Biohazard / Resident Evil: The Umbrella Chronicles (2007)', 'Biohazard / Resident Evil: The Darkside Chronicles (2009)', 'Biohazard / Resident Evil: Operation Raccoon City (2012)', 'Biohazard / Resident Evil: Damnation (2012)', 'Biohazard / Resident Evil 6 (2012)', 'Biohazard RE:2 / Resident Evil 2 (2019)', 'Biohazard RE:4 / Resident Evil 4 (2023)'];https://www.residentevildatabase.com/ada-wong/;
Desconhecido.;Desconhecido.;Desconhecida.;Desconhecido.;Adam Benford;['Biohazard / Resident Evil 6 (2012)'];https://www.residentevildatabase.com/adam-benford/;
Desconhecido.;Desconhecido.;Desconhecida.;Desconhecido.;Alan Douglas;['Biohazard / Resident Evil 7 (2017)', 'Biohazard / Resident Evil Village\xa0(2021)'];https://www.residentevildatabase.com/alan-douglas/;
1960;O;"1,83cm (em jogos antigos); 1,90cm (em RE5)";"84,5kg (em jogos antigos); 90kg (em RE5)";Albert Wesker;['Biohazard / Resident Evil Clássico (1996)', 'Biohazard / Resident Evil CODE: Veronica (2000)', 'Biohazard / Resident Evil Remake (2002)', 'Biohazard / Resident Evil 0 (2003)', 'Biohazard / Resident Evil 4 (2005)', 'Biohazard / Resident Evil: Deadly Silence (2006)', 'Biohazard / Resident Evil: The Umbrella Chronicles (2007)', 'Mangá: Biohazard: Prelude To The Fall (2007)', 'Biohazard / Resident Evil 5 (2009)', 'Biohazard / Resident Evil: The Darkside Chronicles (2009)', 'Biohazard / Resident Evil: The Mercenaries 3D (2011)', 'Biohazard RE:4 / Resident Evil 4 (2023)'];https://www.residentevildatabase.com/albert-wesker/;
Desconhecido.;Desconhecido.;2,90m (aprox.);Desconhecido.;Alcina Dimitrescu;['Biohazard / Resident Evil Village (2021)'];https://www.residentevildatabase.com/alcina-dimitrescu/;
1960;Desconhecido.;1,77m;54kg;Alex Wesker;['Biohazard / Resident Evil 5 (2009)', 'Biohazard / Resident Evil Revelations 2 (2015)', 'Mangá: Biohazard / Resident Evil Heavenly Island (2015)', 'Biohazard / Resident Evil Resistance (2020)'];https://www.residentevildatabase.com/alex-wesker/;
Desconhecido.;Desconhecido.;Desconhecida.;Desconhecido.;Alexander Ashford;['Biohazard / Resident Evil CODE: Veronica (2000)', 'Biohazard / Resident Evil: The Darkside Chronicles (2009)'];https://www.residentevildatabase.com/alexander-ashford/;
Desconhecido.; Desconhecido.;1,90m;Desconhecido.;Alexander Kozachenko;[];https://www.residentevildatabase.com/personagens/alexander-kozachenko/;
1971;Desconhecido.;1,75m;54,3kg;Alexia Ashford;['Biohazard / Resident Evil CODE: Veronica (2000)', 'Biohazard / Resident Evil: The Darkside Chronicles (2009)'];https://www.residentevildatabase.com/alexia-ashford/;
1971;Desconhecido.;1,76m;61,8kg;Alfred Ashford;['Biohazard / Resident Evil CODE: Veronica (2000)', 'Biohazard / Resident Evil: The Darkside Chronicles (2009)'];https://www.residentevildatabase.com/alfred-ashford/;
1970 (28 anos em 1998);Desconhecido.;1,76m;62kg;Alyssa Ashcroft;['Biohazard / Resident Evil Outbreak (2003)', 'Biohazard / Resident Evil Outbreak File #2 (2004)', 'Biohazard / Resident Evil 7 (2017)'];https://www.residentevildatabase.com/alyssa-ashcroft/;
Desconhecido.;Desconhecido.;Desconhecida.;Desconhecido.;Andy Holland;['Biohazard Gun Survivor / Resident Evil Survivor (2000)'];https://www.residentevildatabase.com/andy-holland/;
Desconhecido.;Desconhecido.;Desconhecida.;Desconhecido.;Andre Strickland;['Biohazard / Resident Evil 7 (2017)'];https://www.residentevildatabase.com/andre-strickland/;
1976 (29 anos em 2005);Desconhecido.;Desconhecida.;Desconhecido.;Angela Miller;['Biohazard / Resident Evil: Degeneration (2008)'];https://www.residentevildatabase.com/angela-miller/;
Desconhecido.;Desconhecido.;Desconhecida.;Desconhecido.;Annette Birkin;['Biohazard / Resident Evil 2 (1998)', 'Biohazard / Resident Evil: The Darkside Chronicles (2009)', 'Biohazard RE:2 / Resident Evil 2 (2019)'];https://www.residentevildatabase.com/annette-birkin/;
"Desconhecido.
Tipo sanguíneo";;;;Ark Thompson;['Biohazard Gun Survivor / Resident Evil Survivor (2000)'];https://www.residentevildatabase.com/ark-thompson/;
1984 (20 anos em 2004);Desconhecido.;Desconhecido.;Desconhecido.;Ashley Graham;['Biohazard / Resident Evil 4 (2005)', 'BIOHAZARD / RESIDENT EVIL:\xa0Infinite Darkness\xa0(2021)', 'Biohazard RE:4 / Resident Evil 4 (2023)'];https://www.residentevildatabase.com/ashley-graham/;
Desconhecido.; Desconhecido.;Desconhecida.;Desconhecido.;Ivan Ataman Judanovich;['Biohazard / Resident Evil: Damnation (2012)'];https://www.residentevildatabase.com/ivan-ataman-judanovich/;
1960;A;1,86cm;89,3kg;Barry Burton;['Biohazard / Resident Evil Clássico (1996)', 'Biohazard 3: Last Escape / Resident Evil 3: Nemesis (1999)', 'Biohazard / Resident Evil Remake (2002)', 'Biohazard / Resident Evil: Deadly Silence (2006)', 'Biohazard / Resident Evil Gaiden (2002)', 'Biohazard / Resident Evil 5 ~ The Mercenaries Reunion (2009)', 'Biohazard / Resident Evil: The Mercenaries 3D (2011)', 'Biohazard / Resident Evil Revelations 2 (2015)'];https://www.residentevildatabase.com/barry-burton/;
Desconhecido.;Desconhecido.; Desconhecida.;Desconhecido.;Bela Dimitrescu;['Biohazard / Resident Evil Village (2021)'];https://www.residentevildatabase.com/bela-dimitrescu/;
;;;;Beltway Hector Hivers;['Biohazard / Resident Evil: Operation Raccoon City (2012)'];https://www.residentevildatabase.com/beltway-hector-hivers/;
Desconhecido.;Desconhecido.;Desconhecida.;Desconhecido.;Ben Bertolucci;['Biohazard / Resident Evil 2 (1998)', 'Biohazard / Resident Evil Outbreak File #2 (2004)', 'Biohazard / Resident Evil: The Darkside Chronicles (2009)', 'Biohazard RE:2 / Resident Evil 2 (2019)'];https://www.residentevildatabase.com/ben-bertolucci/;
1964 (não confirmado);B+;Desconhecida.;Desconhecido.;Bertha Michaela Schneider;['Biohazard / Resident Evil: Operation Raccoon City (2012)'];https://www.residentevildatabase.com/bertha-michaela-schneider/;
1972 (26 anos em 1998);A;1,81cm;74,2kg;Billy Coen;['Biohazard / Resident Evil 0 (2003)', 'Biohazard / Resident Evil: The Umbrella Chronicles (2007)'];https://www.residentevildatabase.com/billy-coen/;
Desconhecido.;Desconhecido.;Desconhecida.;Desconhecido.;Bitores Mendez;['Biohazard / Resident Evil 4 (2005)', 'Biohazard RE:4 / Resident Evil 4 (2023)'];https://www.residentevildatabase.com/bitores-mendez/;
1963 (não confirmado);O;1,74cm;60,8kg;Brad Vickers;['Biohazard / Resident Evil Clássico (1996)', 'Biohazard 3: Last Escape / Resident Evil 3: Nemesis (1999)', 'Biohazard / Resident Evil Remake (2002)', 'Biohazard / Resident Evil: Deadly Silence (2006)', 'Biohazard RE:3 / Resident Evil 3 (2020)'];https://www.residentevildatabase.com/brad-vickers/;
Desconhecido.;Desconhecido.;Desconhecida.;Desconhecido.;Brian Irons;['Biohazard / Resident Evil 2 (1998)', 'Biohazard / Resident Evil: The Darkside Chronicles (2009)', 'Biohazard RE:2 / Resident Evil 2 (2019)'];https://www.residentevildatabase.com/brian-irons/;
Desconhecido.;Desconhecido.;Desconhecida.;Desconhecido.;Bruce Mcgivern;['Biohazard Gun Survivor 4: Heroes Never Die / Resident Evil Dead Aim (2003)'];https://www.residentevildatabase.com/bruce-mcgivern/;
Desconhecido.;Desconhecido.;Desconhecida.;Desconhecido.;Carla Radames;['Biohazard / Resident Evil 6 (2012)', 'Mangá: Biohazard / Resident Evil Marhawa Desire (2012)'];https://www.residentevildatabase.com/carla-radames/;
1977 (não confirmado);O;1,82cm;83kg;Carlos Oliveira;['Biohazard 3: Last Escape / Resident Evil 3: Nemesis (1999)', 'Biohazard / Resident Evil: The Umbrella Chronicles (2007)', 'Biohazard / Resident Evil: Operation Raccoon City (2012)', 'Biohazard RE:3 / Resident Evil 3 (2020)'];https://www.residentevildatabase.com/carlos-oliveira/;
Desconhecido.;Desconhecido.; Desconhecida.;Desconhecido.;Cassandra Dimitrescu;['Biohazard / Resident Evil Village (2021)'];https://www.residentevildatabase.com/cassandra-dimitrescu/;
1972 ou 1973 (não confirmado);O;"1,81cm (em jogos antigos); 1,85cm (em RE5)";"80,5kg (em jogos antigos); 85kg (em RE5)";Chris Redfield;['Biohazard / Resident Evil Clássico (1996)', 'Biohazard / Resident Evil CODE: Veronica (2000)', 'Biohazard / Resident Evil Remake (2002)', 'Biohazard / Resident Evil: Deadly Silence (2006)', 'Biohazard / Resident Evil: The Umbrella Chronicles (2007)', 'Mangá: Biohazard Prelude To The Fall (2007)', 'Biohazard / Resident Evil 5 (2009)', 'Biohazard / Resident Evil: The Darkside Chronicles (2009)', 'Biohazard / Resident Evil: The Mercenaries 3D (2011)', 'Biohazard / Resident Evil: Revelations (2012)', 'Biohazard / Resident Evil 6 (2012)', 'Mangá: Biohazard / Resident Evil Marhawa Desire (2012)', 'Peça Teatral: Biohazard The Stage (2015)', 'Mangá: Biohazard / Resident Evil Heavenly Island (2015)', 'Biohazard / Resident Evil 7 (2017)', 'Biohazard / Resident Evil Vendetta (2017)', 'Biohazard / Resident Evil Village (2021)', 'Biohazard / Resident Evil: Death Island (2023)'];https://www.residentevildatabase.com/chris-redfield/;
1974 (24 anos em 1998);Desconhecido.;1,75m;64kg;Cindy Lennox;['Biohazard / Resident Evil Outbreak (2003)', 'Biohazard / Resident Evil Outbreak File #2 (2004)'];https://www.residentevildatabase.com/cindy-lennox/;
1979 (19 anos em 1998);O;1,69cm;52,4kg;Claire Redfield;['Biohazard / Resident Evil 2 (1998)', 'Biohazard / Resident Evil CODE: Veronica (2000)', 'Biohazard Gun Survivor 2 / Resident Evil Survivor 2 (2001)', 'Biohazard / Resident Evil: Degeneration (2008)', 'Biohazard / Resident Evil: The Darkside Chronicles (2009)', 'Biohazard / Resident Evil: The Mercenaries 3D (2011)', 'Biohazard / Resident Evil: Operation Raccoon City (2012)', 'Biohazard / Resident Evil Revelations 2 (2015)', 'Mangá: Biohazard / Resident Evil Heavenly Island (2015)', 'Biohazard RE:2 / Resident Evil 2 (2019)', 'BIOHAZARD / RESIDENT EVIL:\xa0Infinite Darkness (2021)', 'Biohazard / Resident Evil: Death Island (2023)'];https://www.residentevildatabase.com/claire-redfield/;
Desconhecido.;Desconhecido.;Desconhecida.;Desconhecido.;Clancy Javis;['Biohazard / Resident Evil 7 (2017)'];https://www.residentevildatabase.com/clancy-javis/;
Desconhecido.;Desconhecido.;Desconhecido.;Desconhecido.;Clive R Obrian;['Biohazard / Resident Evil: Revelations (2012)', 'Biohazard / Resident Evil 7 (2017)'];https://www.residentevildatabase.com/clive-r-obrian/;
1970 (35 anos em 2005);Desconhecido.;Desconhecida.;Desconhecido.;Curtis Miller;['Biohazard / Resident Evil: Degeneration (2008)'];https://www.residentevildatabase.com/curtis-miller/;
Desconhecido.;Desconhecido.;Desconhecida.;Desconhecido.;Damian Bsaa;['Biohazard / Resident Evil Vendetta (2017)'];https://www.residentevildatabase.com/damian-bsaa/;
1956 (não confirmado).;Desconhecido;1,85cm;89kg;Dan Dechant;['Biohazard / Resident Evil 5 (2009)'];https://www.residentevildatabase.com/dan-dechant/;
Desconhecido.;Desconhecido.; Desconhecida.;Desconhecido.;Daniela Dimitrescu;['Biohazard / Resident Evil Village (2021)'];https://www.residentevildatabase.com/daniela-dimitrescu/;
Desconhecido.;Desconhecido.;Desconhecida.;Desconhecido.;Dario Rosso;['Biohazard 3: Last Escape / Resident Evil 3: Nemesis (1999)', 'Biohazard RE:3 / Resident Evil 3 (2020)'];https://www.residentevildatabase.com/dario-rosso/;
1982 (não confirmado).;Desconhecido;1,80cm;77kg;Dave Johnson;['Biohazard / Resident Evil 5 (2009)'];https://www.residentevildatabase.com/dave-johnson/;
Desconhecido.;Desconhecido.;Desconhecida.;Desconhecido.;David Anderson;['Biohazard / Resident Evil 7 (2017)'];https://www.residentevildatabase.com/david-anderson/;
Desconhecido.;Desconhecido.;1,85m;92kg;David King;['Biohazard / Resident Evil Outbreak (2003)', 'Biohazard / Resident Evil Outbreak File #2 (2004)'];https://www.residentevildatabase.com/david-king/;
Desconhecido.;Desconhecido.;Desconhecida.;Desconhecido.;Dc Bsaa;['Biohazard / Resident Evil Vendetta (2017)'];https://www.residentevildatabase.com/dc-bsaa/;
1992;desconhecido.;desconhecido.;desconhecido.;Deborah Harper;['Biohazard / Resident Evil 6 (2012)'];https://www.residentevildatabase.com/deborah-harper/;
desconhecido.;desconhecido.;desconhecida.;desconhecido.;Dee Ay Crispin Jettingham;['Biohazard / Resident Evil: Operation Raccoon City (2012)'];https://www.residentevildatabase.com/dee-ay-crispin-jettingham/;
1967 (46 anos em 2013).;Desconhecido.; 1,87m; 80kg;Derek C Simmons;['Biohazard / Resident Evil 6 (2012)'];https://www.residentevildatabase.com/derek-c-simmons/;
Desconhecido.;Desconhecido.;Desconhecida.;Desconhecido.;Diego Gomez;['Biohazard / Resident Evil Vendetta (2017)'];https://www.residentevildatabase.com/diego-gomez/;
Desconhecido.;Desconhecido.; Desconhecida.;Desconhecido.;Donna Beneviento;['Biohazard / Resident Evil Village (2021)'];https://www.residentevildatabase.com/donna-beneviento/;
Desconhecido.;Desconhecido.; Desconhecido.;Desconhecido.;O Duque;['Biohazard / Resident Evil Village (2021)'];https://www.residentevildatabase.com/o-duque/;
desconhecido.;desconhecido.;desconhecido.;desconhecido.;Edward Ashford;['Biohazard / Resident Evil CODE: Veronica (2000)', 'Biohazard / Resident Evil: The Darkside Chronicles (2009)'];https://www.residentevildatabase.com/edward-ashford/;
1972 (não confirmado);A;1,88cm;112,1kg;Edward Dewey;['Biohazard / Resident Evil 0 (2003)'];https://www.residentevildatabase.com/edward-dewey/;
Desconhecido.;Desconhecido.;Desconhecida.;Desconhecido.;Edward Thompson;['Biohazard / Resident Evil Revelations 2 (2015)'];https://www.residentevildatabase.com/edward-thompson/;
Desconhecido.;Desconhecido.; Desconhecida.;Desconhecido.;Elena Lupu;['Biohazard / Resident Evil Village (2021)'];https://www.residentevildatabase.com/elena-lupu/;
Desconhecido.;Desconhecido.;Desconhecida.;Desconhecido.;Emma Kendo;['Biohazard RE:2 / Resident Evil 2 (2019)'];https://www.residentevildatabase.com/emma-kendo/;
1957 (não confirmado);O;1,90cm;83kg;Enrico Marini;['Biohazard / Resident Evil (1996)', 'Biohazard / Resident Evil (2002)', 'Biohazard / Resident Evil 0 (2003)', 'Biohazard / Resident Evil: Deadly Silence (2006)'];https://www.residentevildatabase.com/enrico-marini/;
Desconhecido.;Desconhecido.;Desconhecida.;Desconhecido.;Ethan Winters;['Biohazard / Resident Evil 7 (2017)', 'Biohazard / Resident Evil Village (2021)'];https://www.residentevildatabase.com/ethan-winters/;
Desconhecido.;Desconhecido.;Desconhecida.;Desconhecido.;Eveline;['Biohazard / Resident Evil 7 (2017)'];https://www.residentevildatabase.com/eveline/;
1945 (não confirmado);Desconhecido.;1,70m;50kg;Evgeny Rebic;['Biohazard / Resident Evil Revelations 2 (2015)'];https://www.residentevildatabase.com/evgeny-rebic/;
Idade em torno de 28 anos.;Desconhecido.;1,75cm;55kg;Excella Gionne;['Biohazard 5 / Resident Evil 5 (2009)'];https://www.residentevildatabase.com/excella-gionne/;
1990 (22 anos em 2012);desconhecido.;desconhecido.;desconhecido.;Finn Macauley;['Biohazard / Resident Evil 6 (2012)'];https://www.residentevildatabase.com/finn-macauley/;
Desconhecido.;Desconhecido.;Desconhecida.;Desconhecido.;Fong Ling;['Biohazard Gun Survivor 4: Heroes Never Die / Resident Evil Dead Aim (2003)'];https://www.residentevildatabase.com/fong-ling/;
1969 (não confirmado);A;1,83cm;71,1kg;Forest Speyer;['Biohazard / Resident Evil Clássico (1996)', 'Biohazard / Resident Evil Remake (2002)', 'Biohazard / Resident Evil 0 (2003)', 'Biohazard / Resident Evil: Deadly Silence (2006)', 'Biohazard / Resident Evil: The Umbrella Chronicles (2007)'];https://www.residentevildatabase.com/forest-speyer/;
1970 (não confirmado);A-;desconhecida.;desconhecido.;Four Eyes Christine Yamata;['Biohazard / Resident Evil: Operation Raccoon City (2012)'];https://www.residentevildatabase.com/four-eyes-christine-yamata/;
1961 (44 anos em 2005);Desconhecido.;Desconhecida.;Desconhecido.;Frederic Downing;['Biohazard / Resident Evil: Degeneration (2008)'];https://www.residentevildatabase.com/frederic-downing/;
1976 (não confirmado).;Desconhecido.;1,79m;85kg;Gabriel Chavez;['Biohazard / Resident Evil Revelations 2 (2015)'];https://www.residentevildatabase.com/gabriel-chavez/;
1959 (39 anos em 1998);Desconhecido.;1,79m;79kg;George Hamilton;['Biohazard / Resident Evil Outbreak (2003)', 'Biohazard / Resident Evil Outbreak File #2 (2004)'];https://www.residentevildatabase.com/george-hamilton/;
Desconhecido.;Desconhecido.;Desconhecido.;Desconhecido.;George Trevor;['Biohazard / Resident Evil Remake (2002)'];https://www.residentevildatabase.com/george-trevor/;
1982 (não confirmado).;Desconhecido.;1,72m;Desconhecido.;Gina Foley;['Biohazard / Resident Evil Revelations 2 (2015)'];https://www.residentevildatabase.com/gina-foley/;
Desconhecido.;Desconhecido.;Desconhecida.;Desconhecido.;Glenn Arias;['Biohazard / Resident Evil Vendetta (2017)'];https://www.residentevildatabase.com/glenn-arias/;
Desconhecido.;Desconhecido.; Desconhecido.;Desconhecido.;Presidente Graham;[];https://www.residentevildatabase.com/presidente-graham/;
1977 (28 anos em 2005);Desconhecido.;Desconhecida.;Desconhecido.;Greg Glenn;['Biohazard / Resident Evil: Degeneration (2008)'];https://www.residentevildatabase.com/greg-glenn/;
Desconhecido.;Desconhecido.;Desconhecida.;Desconhecido.;Harley Erez Morris;['Biohazard / Resident Evil: Operation Raccoon City (2012)'];https://www.residentevildatabase.com/harley-erez-morris/;
1989 (não confirmado).;Desconhecido.;Desconhecida.;Desconhecido.;Helena Harper;['Biohazard / Resident Evil 6 (2012)'];https://www.residentevildatabase.com/helena-harper/;
Desconhecido.;Desconhecido.;Desconhecida.;Desconhecido.;Hunk;['Biohazard / Resident Evil 2 (1998)', 'Biohazard / Resident Evil 4 (2005) ‘The Mercenaries’', 'Biohazard / Resident Evil: The Umbrella Chronicles (2007)', 'Biohazard / Resident Evil: The Darkside Chronicles (2009)', 'Biohazard / Resident Evil: The Mercenaries 3D (2011)', 'Biohazard / Resident Evil: Operation Raccoon City (2012)', 'Biohazard RE:2 / Resident Evil 2 (2019)', 'Biohazard RE:4 / Resident Evil 4 (2023) ‘The Mercenaries’'];https://www.residentevildatabase.com/hunk/;
1980 (não confirmado);desconhecido.;desconhecido.;desconhecido.;Ingrid Hunnigan;['Biohazard / Resident Evil 4 (2005)', 'Biohazard / Resident Evil: Degeneration (2008)', 'Biohazard / Resident Evil: Damnation (2012)', 'Biohazard / Resident Evil 6 (2012)', 'Biohazard RE:4 / Resident Evil 4 (2023)', 'Biohazard / Resident Evil: Death Island (2023)'];https://www.residentevildatabase.com/ingrid-hunnigan/;
1962 (55 anos em 2014);Desconhecido.;Desconhecida.;Desconhecido.;Jack Baker;['Biohazard / Resident Evil 7 (2017)', 'Biohazard / Resident Evil Village (2021)'];https://www.residentevildatabase.com/jack-baker/;
Desconhecido.;Desconhecido.;Desconhecido.;Desconhecido.;Jack Krauser;['Biohazard / Resident Evil 4 (2005)', 'Biohazard / Resident Evil: The Darkside Chronicles (2009)', 'Biohazard / Resident Evil: The Mercenaries 3D (2011)', 'Biohazard RE:4 / Resident Evil 4 (2023)'];https://www.residentevildatabase.com/jack-krauser/;
Desconhecido.;Desconhecido.;Desconhecido.;Desconhecido.;Jack Norman;['Biohazard / Resident Evil: Revelations (2012)'];https://www.residentevildatabase.com/jack-norman/;
1992 (20 anos em 2012);Desconhecido.;1,90m;80kg;Jake Muller;['Biohazard / Resident Evil 6 (2012)'];https://www.residentevildatabase.com/jake-muller/;
1918 (não confirmado).;A;1,80m;68,5kg;James Marcus;['Biohazard / Resident Evil 0 (2003)', 'Biohazard / Resident Evil: The Umbrella Chronicles (2007)'];https://www.residentevildatabase.com/james-marcus/;
Desconhecido.;Desconhecido.; Desconhecido.;Desconhecido.;Jason Maddogs;['BIOHAZARD\xa0/\xa0RESIDENT EVIL: Infinite Darkness (2021)'];https://www.residentevildatabase.com/jason-maddogs/;
Desconhecido.;Desconhecido.;Desconhecida.;Desconhecido.;Javier Hidalgo;['Biohazard / Resident Evil: The Darkside Chronicles (2009)'];https://www.residentevildatabase.com/javier-hidalgo/;
Desconhecido.; Desconhecido.;Desconhecida.;Desconhecido.;Jd Damnation;['Biohazard / Resident Evil: Damnation (2012)'];https://www.residentevildatabase.com/jd-damnation/;
Desconhecido.;Desconhecido.;Desconhecida.;Desconhecido.;Jessica Sherawat;['Biohazard / Resident Evil: Revelations (2012)'];https://www.residentevildatabase.com/jessica-sherawat/;
desconhecido.;desconhecido.;desconhecido.;desconhecido.;Jessica Trevor;['Biohazard / Resident Evil (2002)'];https://www.residentevildatabase.com/jessica-trevor/;
1974;B;1,72m;56kg;Jill Valentine;['Biohazard / Resident Evil Clássico (1996)', 'Biohazard 3: Last Escape / Resident Evil 3: Nemesis (1999)', 'Biohazard / Resident Evil Remake (2002)', 'Biohazard / Resident Evil: Deadly Silence (2006)', 'Biohazard / Resident Evil: The Umbrella Chronicles (2007)', 'Biohazard / Resident Evil 5 (2009)', 'Biohazard / Resident Evil: The Mercenaries 3D (2011)', 'Biohazard / Resident Evil: Revelations (2012)', 'Biohazard / Resident Evil: Operation Raccoon City (2012)', 'Biohazard RE:3 / Resident Evil 3 (2020)', 'Biohazard / Resident Evil: Death Island (2023)'];https://www.residentevildatabase.com/jill-valentine/;
1974 (24 anos em 1998);Desconhecido.;1,76m;70kg;Jim Chapman;['Biohazard / Resident Evil Outbreak (2003)', 'Biohazard / Resident Evil Outbreak File #2 (2004)'];https://www.residentevildatabase.com/jim-chapman/;
Desconhecido.;Desconhecido.;Desconhecida.;Desconhecido.;Joe Baker;[];https://www.residentevildatabase.com/joe-baker/;
"Desconhecido
Tipo sanguíneo";;;;John;['Biohazard / Resident Evil Clássico (1996)', 'Biohazard / Resident Evil 2 (1998)', 'Biohazard / Resident Evil Remake (2002)'];https://www.residentevildatabase.com/john/;
1971 (não confirmado);B;1,79cm;72,3kg;Joseph Frost;['Biohazard / Resident Evil Clássico (1996)', 'Biohazard / Resident Evil Remake (2002)', 'Biohazard / Resident Evil 0 (2003)', 'Biohazard / Resident Evil: Deadly Silence (2006)'];https://www.residentevildatabase.com/joseph-frost/;
1974 (não confirmado);Desconhecido.;1,85cm;93kg;Josh Stone;['Biohazard / Resident Evil 5 (2009)'];https://www.residentevildatabase.com/josh-stone/;
Desconhecido.;Desconhecido.; Desconhecido.;Desconhecido.;Karl Heisenberg;['Biohazard / Resident Evil Village (2021)'];https://www.residentevildatabase.com/karl-heisenberg/;
1976 (22 anos em 1998);Desconhecido.; 1,60m; 50kg;Katherine Warren;['Biohazard / Resident Evil 2 (1998)', 'Biohazard / Resident Evil: The Darkside Chronicles (2009)', 'Biohazard RE:2 / Resident Evil 2 (2019)'];https://www.residentevildatabase.com/katherine-warren/;
Desconhecido.;Desconhecido.;Desconhecido.;Desconhecido.;Keith Lumley;['Biohazard / Resident Evil: Revelations (2012)'];https://www.residentevildatabase.com/keith-lumley/;
1953 (não confirmado);O;1,88cm;96,8kg;Kenneth J Sullivan;[];https://www.residentevildatabase.com/kenneth-j-sullivan/;
Desconhecido.;Desconhecido.;Desconhecida.;Desconhecido.;Kevin Dooley;['Biohazard / Resident Evil Remake (2002)', 'Biohazard / Resident Evil 0 (2003)'];https://www.residentevildatabase.com/kevin-dooley/;
1967 (31 anos em 1998);Desconhecido.;1,82m;89kg;Kevin Ryman;[];https://www.residentevildatabase.com/kevin-ryman/;
1981 (não confirmado).;Desconhecido.;1,79cm;80kg;Kirk Mathison;['Biohazard / Resident Evil: Revelations (2012)', 'Biohazard / Resident Evil 5 (2009)'];https://www.residentevildatabase.com/kirk-mathison/;
;A;"1,78cm (em jogos antigos); 1,80cm (em RE4)";"70,2kg (em jogos antigos); desconhecido (em RE4)";Leon S Kennedy;['Biohazard / Resident Evil 2 (1998)', 'Biohazard / Resident Evil Gaiden (2002)', 'Biohazard / Resident Evil 4 (2005)', 'Biohazard / Resident Evil: Degeneration (2008)', 'Biohazard / Resident Evil: The Darkside Chronicles (2009)', 'Biohazard / Resident Evil: Operation Raccoon City (2012)', 'Biohazard / Resident Evil: Damnation (2012)', 'Biohazard / Resident Evil 6 (2012)', 'Biohazard / Resident Evil: Vendetta (2017)', 'Biohazard RE:2 / Resident Evil 2 (2019)', 'BIOHAZARD / RESIDENT EVIL:\xa0Infinite Darkness\xa0(2021)', 'Biohazard RE:4 / Resident Evil 4 (2023)', 'Biohazard / Resident Evil: Death Island (2023)'];https://www.residentevildatabase.com/leon-s-kennedy/;1977 (não confirmado)
Desconhecido.;Desconhecido.;Desconhecida.;Desconhecido.;Lily Klein;['Biohazard Gun Survivor / Resident Evil Survivor (2000)'];https://www.residentevildatabase.com/lily-klein/;
Desconhecido.;Desconhecido.;Desconhecida.;Desconhecido.;Lisa Trevor;['Biohazard / Resident Evil (2002)', 'Biohazard / Resident Evil: The Umbrella Chronicles (2007)'];https://www.residentevildatabase.com/lisa-trevor/;
Desconhecido.;Desconhecido.;Desconhecida.;Desconhecido.;Lott Klein;['Biohazard Gun Survivor / Resident Evil Survivor (2000)'];https://www.residentevildatabase.com/lott-klein/;
Desconhecido.;Desconhecido.;Desconhecida.;Desconhecido.;Lucas Baker;['Biohazard / Resident Evil 7 (2017)'];https://www.residentevildatabase.com/lucas-baker/;
1976 (não confirmado);Desconhecido.;Desconhecida.;Desconhecido.;Luis Serra;['Biohazard / Resident Evil 4 (2005)', 'Biohazard RE:4 / Resident Evil 4 (2023)'];https://www.residentevildatabase.com/luis-serra/;
1960 (não confirmado);AB;desconhecida.;desconhecido.;Lupo Karena Lesproux;['Biohazard / Resident Evil: Operation Raccoon City (2012)'];https://www.residentevildatabase.com/lupo-karena-lesproux/;
Desconhecido.;Desconhecido.; Desconhecida.;Desconhecido.;Mae Miranda;['Biohazard / Resident Evil Village (2021)'];https://www.residentevildatabase.com/mae-miranda/;
1986 (não confirmado);Desconhecido.;Desconhecida.;Desconhecido.;Manuela Hidalgo;[];https://www.residentevildatabase.com/manuela-hidalgo/;
Desconhecido.;Desconhecido.;Desconhecida.;Desconhecido.;Marguerite Baker;['Biohazard / Resident Evil 7 (2017)'];https://www.residentevildatabase.com/marguerite-baker/;
Desconhecido.;Desconhecido.;Desconhecida.;Desconhecido.;Maria Gomez;['Biohazard / Resident Evil Vendetta (2017)', 'Biohazard / Resident Evil: Death Island (2023)'];https://www.residentevildatabase.com/maria-gomez/;
1946 (52 anos em 1998);Desconhecido.;1,85m;101kg;Mark Wilkins;[];https://www.residentevildatabase.com/mark-wilkins/;
Desconhecido.;Desconhecido.;Desconhecida.;Desconhecido.;Marvin Branagh;['Biohazard / Resident Evil 2 (1998)', 'Biohazard / Resident Evil Outbreak File #2 (2004)', 'Biohazard / Resident Evil: The Darkside Chronicles (2009)', 'Biohazard RE:2 / Resident Evil 2 (2019)'];https://www.residentevildatabase.com/marvin-branagh/;
Desconhecido.;Desconhecido.;Desconhecida.;Desconhecido.;Mia Winters;['Biohazard / Resident Evil 7 (2017)', 'Biohazard / Resident Evil Village (2021)'];https://www.residentevildatabase.com/mia-winters/;
"Desconhecido
Tipo sanguíneo";;;;Michael Warren;['Biohazard 3: Last Escape / Resident Evil 3: Nemesis (1999)'];https://www.residentevildatabase.com/michael-warren/;
1953 (não confirmado).;A;1,78m;98kg;Mikhail Victor;['Biohazard 3: Last Escape / Resident Evil 3: Nemesis (1999)', 'Biohazard RE:3 / Resident Evil 3 (2020)'];https://www.residentevildatabase.com/mikhail-victor/;
1991 (não confirmado).;Desconhecido.;1,65m;50,7kg;Moira Burton;['Biohazard / Resident Evil (1996) (menção em file)', 'Biohazard / Resident Evil (2002) (menção em file)', 'Biohazard / Resident Evil Revelations 2 (2015)'];https://www.residentevildatabase.com/moira-burton/;
Desconhecido.;Desconhecido.;Desconhecido.;Desconhecido.;Morgan Lansdale;['Biohazard / Resident Evil: Revelations (2012)', 'Biohazard / Resident Evil: Revelations 2 (2015)'];https://www.residentevildatabase.com/morgan-lansdale/;
Desconhecido.;Desconhecido.;Desconhecida.;Desconhecido.;Morpheus D Duvall;['Biohazard Gun Survivor 4: Heroes Never Die / Resident Evil Dead Aim (2003)'];https://www.residentevildatabase.com/morpheus-d-duvall/;
1971 (não confirmado);B;1,91m;82kg;Murphy Seeker;['Biohazard 3: Last Escape / Resident Evil 3: Nemesis (1999)', 'Biohazard RE:3 / Resident Evil 3 (2020)'];https://www.residentevildatabase.com/murphy-seeker/;
Desconhecido.;Desconhecido.;Desconhecida.;Desconhecido.;Nadia Bsaa;['Biohazard / Resident Evil Vendetta (2017)'];https://www.residentevildatabase.com/nadia-bsaa/;
2001 (10 anos em 2011).;Desconhecido.;1,37m;32kg;Natalia Korda;['Biohazard / Resident Evil Revelations 2 (2015)'];https://www.residentevildatabase.com/natalia-korda/;
1972 (39 anos em 2011);Desconhecido.;1,80m;70kg;Neil Fisher;['Biohazard / Resident Evil Revelations 2 (2015)'];https://www.residentevildatabase.com/neil-fisher/;
1963 (não confirmado);A;1,87cm;102kg;Nicholai Ginovaef;['Biohazard 3: Last Escape / Resident Evil 3: Nemesis (1999)', 'Biohazard / Resident Evil: Outbreak (2003)', 'Biohazard / Resident Evil: Operation Raccoon City (2012)', 'Biohazard RE:3 / Resident Evil 3 (2020)', 'Biohazard / Resident Evil Resistance (2020)'];https://www.residentevildatabase.com/nicholai-ginovaef/;
Desconhecido.;Desconhecido.;Desconhecida.;Desconhecido.;Osmund Saddler;['Biohazard / Resident Evil 4 (2005)', 'Biohazard RE:4 / Resident Evil 4 (2023)'];https://www.residentevildatabase.com/osmund-saddler/;
1931 (não confirmado);Desconhecido.;1,79cm;65kg;Ozwell E Spencer;['Biohazard / Resident Evil 0 (2002)', 'Biohazard / Resident Evil Remake (2002)', 'Biohazard / Resident Evil: The Umbrella Chronicles (2007)', 'Biohazard / Resident Evil 5 (2009)', 'Biohazard / Resident Evil Revelations 2 (2015)', 'Biohazard / Resident Evil Resistance (2020)', 'Biohazard / Resident Evil Village (2021)'];https://www.residentevildatabase.com/ozwell-e-spencer/;
Desconhecido.;Desconhecido.;Desconhecida.;Desconhecido.;Parker Luciani;['Biohazard / Resident Evil: Revelations (2012)', 'Mangá: Biohazard / Resident Evil Heavenly Island (2015)'];https://www.residentevildatabase.com/parker-luciani/;
desconhecido.;desconhecido.;desconhecida.;desconhecido.;Party Girl Sienna Fowler;['Biohazard / Resident Evil: Operation Raccoon City (2012)'];https://www.residentevildatabase.com/party-girl-sienna-fowler/;
1984 (não confirmado).;Desconhecido.;1,72m;66kg;Pedro Fernandez;['Biohazard / Resident Evil Revelations 2 (2015)'];https://www.residentevildatabase.com/pedro-fernandez/;
Desconhecido.;Desconhecido.;Desconhecida.;Desconhecido.;Peter Walken;['Biohazard / Resident Evil 7 (2017)'];https://www.residentevildatabase.com/peter-walken/;
1986 (26 anos em 2012).;A;1,78m;67kg;Piers Nivans;['Biohazard / Resident Evil 6 (2012)', 'Mangá: Biohazard / Resident Evil Marhawa Desire (2012)', 'Peça Teatral: Biohazard The Stage (2015)'];https://www.residentevildatabase.com/piers-nivans/;
Desconhecido.;Desconhecido.;Desconhecido.;Desconhecido.;Quint Cetcham;['Biohazard / Resident Evil: Revelations (2012)'];https://www.residentevildatabase.com/quint-cetcham/;
desconhecido.;desconhecido.;desconhecida.;desconhecido.;Rachael Foley;['Biohazard / Resident Evil: Revelations (2012)'];https://www.residentevildatabase.com/rachael-foley/;
1984 (não confirmado);Desconhecido.;Desconhecida.;Desconhecido.;Ramon Salazar;['Biohazard / Resident Evil 4 (2005)', 'Biohazard RE:4 / Resident Evil 4 (2023)'];https://www.residentevildatabase.com/ramon-salazar/;
1997 (7 anos em 2005);Desconhecido.;Desconhecida.;Desconhecido.;Rani Chawla;['Biohazard / Resident Evil: Degeneration (2008)'];https://www.residentevildatabase.com/rani-chawla/;
Desconhecido.;Desconhecido.;Desconhecido.;Desconhecido.;Raymond Vester;['Biohazard / Resident Evil: Revelations (2012)'];https://www.residentevildatabase.com/raymond-vester/;
1980 (não confirmado);AB;1,61cm;41,1kg;Rebecca Chambers;['Biohazard / Resident Evil Clássico (1996)', 'Biohazard / Resident Evil Remake (2002)', 'Biohazard / Resident Evil 0 (2003)', 'Biohazard / Resident Evil: Deadly Silence (2006)', 'Biohazard / Resident Evil: The Umbrella Chronicles (2007)', 'Biohazard / Resident Evil 5, The Mercenaries Reunion (2009)', 'Biohazard / Resident Evil: The Mercenaries 3D (2011)', 'Peça Teatral: Biohazard The Stage (2015)', 'Biohazard / Resident Evil Vendetta (2017)', 'Biohazard / Resident Evil: Death Island (2023)'];https://www.residentevildatabase.com/rebecca-chambers/;
1974 (não confirmado).;Desconhecido;1,80cm;85kg;Reynard Fisher;['Biohazard / Resident Evil 5 (2009)'];https://www.residentevildatabase.com/reynard-fisher/;
desconhecido, em torno de 30 anos.;desconhecido;1,80cm;75kg;Ricardo Irving;['Biohazard / Resident Evil 5 (2009)'];https://www.residentevildatabase.com/ricardo-irving/;
1975 (não confirmado);AB;1,72cm;62,5kg;Richard Aiken;['Biohazard / Resident Evil Clássico (1996)', 'Biohazard / Resident Evil Remake (2002)', 'Biohazard / Resident Evil 0 (2003)', 'Biohazard / Resident Evil: Deadly Silence (2006)', 'Biohazard / Resident Evil: The Umbrella Chronicles (2007)'];https://www.residentevildatabase.com/richard-aiken/;
1958 (não confirmado);AB;Desconhecida.;Desconhecido.;Robert Kendo;['Biohazard / Resident Evil 2 (1998)', 'Biohazard / Resident Evil: The Darkside Chronicles (2009)', 'Biohazard RE:2 / Resident Evil 2 (2019)', 'Biohazard RE:3 / Resident Evil 3 (2020)'];https://www.residentevildatabase.com/robert-kendo/;
1966;Desconhecido.;1,78m;75kg;Rodrigo Juan Raval;['Biohazard / Resident Evil CODE: Veronica (2000)', 'Biohazard Gun Survivor 2 / Resident Evil Survivor 2 (2001)'];https://www.residentevildatabase.com/rodrigo-juan-raval/;
1949 (56 anos em 2005);Desconhecido.;Desconhecida.;Desconhecido.;Ron Davis Senador;['Biohazard / Resident Evil: Degeneration (2008)'];https://www.residentevildatabase.com/ron-davis-senador/;
2020;Desconhecido.; Desconhecida.;Desconhecido.;Rosemary Winters;['Biohazard / Resident Evil Village (2021)'];https://www.residentevildatabase.com/rosemary-winters/;
Desconhecido.;Desconhecido.; Desconhecida.;Desconhecido.;Salvatore Moreau;['Biohazard / Resident Evil Village (2021)'];https://www.residentevildatabase.com/salvatore-moreau/;
Desconhecido.;Desconhecido.;Desconhecida.;Desconhecido.;Sergei Vladimir;['Biohazard / Resident Evil: The Umbrella Chronicles (2007)'];https://www.residentevildatabase.com/sergei-vladimir/;
Desconhecido.;Desconhecido.; Desconhecido.;Desconhecido.;Shen May;['BIOHAZARD\xa0/\xa0RESIDENT EVIL: Infinite Darkness (2021)'];https://www.residentevildatabase.com/shen-may/;
1986 (não confirmado);O;desconhecida.;desconhecido.;Sherry Birkin;['Biohazard / Resident Evil 2 (1998)', 'Biohazard / Resident Evil: The Darkside Chronicles (2009)', 'Biohazard / Resident Evil: Operation Raccoon City (2012)', 'Biohazard / Resident Evil 6 (2012)'];https://www.residentevildatabase.com/sherry-birkin/;
1985 (não confirmado);AB+;1,65cm;52kg;Sheva Alomar;['Biohazard / Resident Evil 5 (2009)'];https://www.residentevildatabase.com/sheva-alomar/;
desconhecido.;desconhecido.;desconhecida.;desconhecido.;Shona Lawrence Kimbala;['Biohazard / Resident Evil: Operation Raccoon City (2012)'];https://www.residentevildatabase.com/shona-lawrence-kimbala/;
1964 (não confirmado);AB-;desconhecida.;desconhecido.;Spectre Vladimir Bodrofski;['Biohazard / Resident Evil: Operation Raccoon City (2012)'];https://www.residentevildatabase.com/spectre-vladimir-bodrofski/;
1981 (não confirmado);AB;1,73cm;67,5kg;Steve Burnside;['Biohazard / Resident Evil CODE: Veronica (2000)', 'Biohazard Gun Survivor 2 / Resident Evil Survivor 2 (2001)', 'Biohazard / Resident Evil: The Darkside Chronicles (2009)'];https://www.residentevildatabase.com/steve-burnside/;
Desconhecido.; Desconhecido.;Desconhecida.;Desconhecido.;Svetlana Belikova;['Biohazard / Resident Evil: Damnation (2012) – Filme em CG'];https://www.residentevildatabase.com/svetlana-belikova/;
Desconhecido.;Desconhecido.;Desconhecida.;Desconhecido.;Tweed Marissa Ronson;['Biohazard / Resident Evil: Operation Raccoon City (2012)'];https://www.residentevildatabase.com/tweed-marissa-ronson/;
;;;;Tyrell Patrick;['Biohazard 3: Last Escape / Resident Evil 3: Nemesis (1999)', 'Biohazard RE:3 / Resident Evil 3 (2020)'];https://www.residentevildatabase.com/tyrell-patrick/;
Desconhecido.;O+;Desconhecida.;Desconhecido.;Vector;['Biohazard / Resident Evil: Operation Raccoon City (2012)'];https://www.residentevildatabase.com/vector/;
Desconhecido.;Desconhecido.;Desconhecida.;Desconhecido.;Veronica Ashford;['Biohazard / Resident Evil CODE: Veronica (2000)', 'Biohazard / Resident Evil: The Darkside Chronicles (2009)'];https://www.residentevildatabase.com/veronica-ashford/;
Desconhecido.;Desconhecido.;Desconhecida.;Desconhecido.;Vincent Goldman;['Biohazard Gun Survivor / Resident Evil Survivor (2000)'];https://www.residentevildatabase.com/vincent-goldman/;
1962 (não confirmado).;O;1,78cm;66,7kg;William Birkin;['Biohazard / Resident Evil 0 (2003)', 'Biohazard / Resident Evil 2 (1998)', 'Biohazard / Resident Evil: The Darkside Chronicles (2009)', 'Biohazard / Resident Evil: Operation Raccoon City (2012)', 'Biohazard RE:2 / Resident Evil 2 (2019)'];https://www.residentevildatabase.com/william-birkin/;
desconhecido.;desconhecido.;desconhecida.;desconhecido.;Willow Caroline Floyd;['Biohazard / Resident Evil: Operation Raccoon City (2012)'];https://www.residentevildatabase.com/willow-caroline-floyd/;
Desconhecido.;Desconhecido.; Desconhecido.;Desconhecido.;Wilson Secretario Seguranca;['BIOHAZARD\xa0/\xa0RESIDENT EVIL: Infinite Darkness (2021)'];https://www.residentevildatabase.com/wilson-secretario-seguranca/;
1978 (20 anos em 1998);Desconhecido.;1,63m;58kg;Yoko Suzuki;['Biohazard / Resident Evil Outbreak (2003)', 'Biohazard / Resident Evil Outbreak File #2 (2004)'];https://www.residentevildatabase.com/yoko-suzuki/;
Desconhecido.;Desconhecido.;Desconhecida.;Desconhecido.;Zoe Baker;['Biohazard / Resident Evil 7 (2017)'];https://www.residentevildatabase.com/zoe-baker/;
